Title,Link
View: West Ham star looks finished at London Stadium as new Chelsea update dropsWest Ham Zone17:33,
Irving reflects on his 'perfect' Scotland debutWest Ham United FC - Official Site17:27,
Everton move for exciting striker stalls and West Ham owners must find a way to hijack dealHammers News17:21,
West Ham handed sensational chance to correct Tim Steidten’s biggest mistake – reportWest Ham World (Weblog)17:14,
Everton interested in signing Evan Ferguson from BrightonThe Irish Times17:09,
Watch every Shekiera Martinez goal from 2024/25West Ham United FC - Official Site17:07,
International Journalist shows Potter the way forward at West HamClaret&Hugh17:05,
'Willing to negotiate': 2023 shares plan to leave West Ham as he gives up on Premier League…Hammers News17:01,
Everton ahead of Fulham in race to sign long-serving West Ham wide man leaving as a free agentThe Hard Tackle16:54,
Celtic transfers: Verdict on 'best finisher' after serious loan link for EPL star as current…The Scotsman16:53,
